[{"model": "admin.logentry", "pk": 1, "fields": {"action_time": "2025-02-28T12:37:39.061Z", "user": 1, "content_type": 7, "object_id": "1", "object_repr": "Джинсы", "action_flag": 1, "change_message": "[{\"added\": {}}]"}}, {"model": "admin.logentry", "pk": 2, "fields": {"action_time": "2025-02-28T12:37:45.032Z", "user": 1, "content_type": 7, "object_id": "2", "object_repr": "Платья", "action_flag": 1, "change_message": "[{\"added\": {}}]"}}, {"model": "admin.logentry", "pk": 3, "fields": {"action_time": "2025-02-28T12:37:54.513Z", "user": 1, "content_type": 7, "object_id": "3", "object_repr": "Блузки и рубашки", "action_flag": 1, "change_message": "[{\"added\": {}}]"}}, {"model": "admin.logentry", "pk": 4, "fields": {"action_time": "2025-02-28T12:37:58.124Z", "user": 1, "content_type": 7, "object_id": "4", "object_repr": "Туфли", "action_flag": 1, "change_message": "[{\"added\": {}}]"}}, {"model": "admin.logentry", "pk": 5, "fields": {"action_time": "2025-03-01T10:10:36.534Z", "user": 1, "content_type": 9, "object_id": "1", "object_repr": "Джинсы", "action_flag": 1, "change_message": "[{\"added\": {}}, {\"added\": {\"name\": \"product image\", \"object\": \"ProductImage object (1)\"}}]"}}, {"model": "admin.logentry", "pk": 6, "fields": {"action_time": "2025-03-01T10:11:55.723Z", "user": 1, "content_type": 9, "object_id": "2", "object_repr": "Платье", "action_flag": 1, "change_message": "[{\"added\": {}}, {\"added\": {\"name\": \"product image\", \"object\": \"ProductImage object (2)\"}}]"}}, {"model": "admin.logentry", "pk": 7, "fields": {"action_time": "2025-03-01T10:14:51.811Z", "user": 1, "content_type": 9, "object_id": "3", "object_repr": "Блузка", "action_flag": 1, "change_message": "[{\"added\": {}}, {\"added\": {\"name\": \"product image\", \"object\": \"ProductImage object (3)\"}}]"}}, {"model": "admin.logentry", "pk": 8, "fields": {"action_time": "2025-03-01T10:16:20.566Z", "user": 1, "content_type": 9, "object_id": "4", "object_repr": "Туфли", "action_flag": 1, "change_message": "[{\"added\": {}}, {\"added\": {\"name\": \"product image\", \"object\": \"ProductImage object (4)\"}}]"}}, {"model": "admin.logentry", "pk": 9, "fields": {"action_time": "2025-03-04T09:35:53.795Z", "user": 1, "content_type": 12, "object_id": "2", "object_repr": "Order object (2)", "action_flag": 3, "change_message": ""}}, {"model": "admin.logentry", "pk": 10, "fields": {"action_time": "2025-03-04T11:47:23.398Z", "user": 1, "content_type": 9, "object_id": "4", "object_repr": "Туфли", "action_flag": 3, "change_message": ""}}, {"model": "admin.logentry", "pk": 11, "fields": {"action_time": "2025-03-04T11:48:11.727Z", "user": 1, "content_type": 7, "object_id": "5", "object_repr": "Юбки", "action_flag": 1, "change_message": "[{\"added\": {}}]"}}, {"model": "admin.logentry", "pk": 12, "fields": {"action_time": "2025-03-04T11:52:08.500Z", "user": 1, "content_type": 9, "object_id": "5", "object_repr": "Юбка", "action_flag": 1, "change_message": "[{\"added\": {}}, {\"added\": {\"name\": \"product image\", \"object\": \"ProductImage object (5)\"}}]"}}, {"model": "admin.logentry", "pk": 13, "fields": {"action_time": "2025-03-04T12:03:34.994Z", "user": 1, "content_type": 9, "object_id": "6", "object_repr": "Платье чёрное", "action_flag": 1, "change_message": "[{\"added\": {}}, {\"added\": {\"name\": \"product image\", \"object\": \"ProductImage object (6)\"}}]"}}, {"model": "admin.logentry", "pk": 14, "fields": {"action_time": "2025-03-04T12:03:47.608Z", "user": 1, "content_type": 9, "object_id": "2", "object_repr": "Платье зелёное", "action_flag": 2, "change_message": "[{\"changed\": {\"fields\": [\"\\u041d\\u0430\\u0437\\u0432\\u0430\\u043d\\u0438\\u0435 \\u0442\\u043e\\u0432\\u0430\\u0440\\u0430\"]}}]"}}, {"model": "admin.logentry", "pk": 15, "fields": {"action_time": "2025-03-04T12:58:10.349Z", "user": 1, "content_type": 12, "object_id": "6", "object_repr": "Заказ ba907083-3af0-4f21-aacb-961a29a72dd2", "action_flag": 3, "change_message": ""}}, {"model": "admin.logentry", "pk": 16, "fields": {"action_time": "2025-03-04T12:58:10.349Z", "user": 1, "content_type": 12, "object_id": "5", "object_repr": "Заказ d4f4afed-48ef-4790-b89c-0b4b6d0f6a20", "action_flag": 3, "change_message": ""}}, {"model": "admin.logentry", "pk": 17, "fields": {"action_time": "2025-03-04T12:58:10.349Z", "user": 1, "content_type": 12, "object_id": "4", "object_repr": "Заказ 94a7c729-af07-4fc4-b748-3da5f9e32dda", "action_flag": 3, "change_message": ""}}, {"model": "admin.logentry", "pk": 18, "fields": {"action_time": "2025-03-04T13:01:47.176Z", "user": 1, "content_type": 7, "object_id": "4", "object_repr": "Туфли", "action_flag": 3, "change_message": ""}}, {"model": "admin.logentry", "pk": 19, "fields": {"action_time": "2025-03-04T18:00:06.543Z", "user": 1, "content_type": 9, "object_id": "17", "object_repr": "Джинсы черные", "action_flag": 3, "change_message": ""}}, {"model": "admin.logentry", "pk": 20, "fields": {"action_time": "2025-03-04T18:00:06.543Z", "user": 1, "content_type": 9, "object_id": "16", "object_repr": "Черные джинсы", "action_flag": 3, "change_message": ""}}, {"model": "admin.logentry", "pk": 21, "fields": {"action_time": "2025-03-04T18:00:06.543Z", "user": 1, "content_type": 9, "object_id": "15", "object_repr": "Черные джинсы", "action_flag": 3, "change_message": ""}}, {"model": "admin.logentry", "pk": 22, "fields": {"action_time": "2025-03-04T18:00:06.543Z", "user": 1, "content_type": 9, "object_id": "14", "object_repr": "Черные джинсы", "action_flag": 3, "change_message": ""}}, {"model": "admin.logentry", "pk": 23, "fields": {"action_time": "2025-03-04T18:00:06.543Z", "user": 1, "content_type": 9, "object_id": "13", "object_repr": "Черные джинсы", "action_flag": 3, "change_message": ""}}, {"model": "admin.logentry", "pk": 24, "fields": {"action_time": "2025-03-04T18:00:06.543Z", "user": 1, "content_type": 9, "object_id": "12", "object_repr": "Черные джинсы", "action_flag": 3, "change_message": ""}}, {"model": "admin.logentry", "pk": 25, "fields": {"action_time": "2025-03-04T18:00:06.543Z", "user": 1, "content_type": 9, "object_id": "11", "object_repr": "Черные джинсы", "action_flag": 3, "change_message": ""}}, {"model": "admin.logentry", "pk": 26, "fields": {"action_time": "2025-03-04T18:00:06.543Z", "user": 1, "content_type": 9, "object_id": "10", "object_repr": "Черные джинсы", "action_flag": 3, "change_message": ""}}, {"model": "admin.logentry", "pk": 27, "fields": {"action_time": "2025-03-04T18:00:06.543Z", "user": 1, "content_type": 9, "object_id": "9", "object_repr": "Черные джинсы", "action_flag": 3, "change_message": ""}}, {"model": "admin.logentry", "pk": 28, "fields": {"action_time": "2025-03-04T18:00:06.543Z", "user": 1, "content_type": 9, "object_id": "8", "object_repr": "Черные джинсы", "action_flag": 3, "change_message": ""}}, {"model": "admin.logentry", "pk": 29, "fields": {"action_time": "2025-03-04T18:00:06.543Z", "user": 1, "content_type": 9, "object_id": "7", "object_repr": "Черные джинсы", "action_flag": 3, "change_message": ""}}, {"model": "admin.logentry", "pk": 30, "fields": {"action_time": "2025-03-05T14:44:46.531Z", "user": 1, "content_type": 12, "object_id": "12", "object_repr": "Заказ d21d8704-dad0-44de-9f6b-bb56f1f83222", "action_flag": 3, "change_message": ""}}, {"model": "admin.logentry", "pk": 31, "fields": {"action_time": "2025-03-05T14:44:46.531Z", "user": 1, "content_type": 12, "object_id": "11", "object_repr": "Заказ c10e65d8-f81e-4236-9730-576352553f90", "action_flag": 3, "change_message": ""}}, {"model": "admin.logentry", "pk": 32, "fields": {"action_time": "2025-03-05T14:44:46.531Z", "user": 1, "content_type": 12, "object_id": "10", "object_repr": "Заказ bd3051f9-4892-43e2-badc-a1b658b16283", "action_flag": 3, "change_message": ""}}, {"model": "auth.permission", "pk": 1, "fields": {"name": "Can add log entry", "content_type": 1, "codename": "add_logentry"}}, {"model": "auth.permission", "pk": 2, "fields": {"name": "Can change log entry", "content_type": 1, "codename": "change_logentry"}}, {"model": "auth.permission", "pk": 3, "fields": {"name": "Can delete log entry", "content_type": 1, "codename": "delete_logentry"}}, {"model": "auth.permission", "pk": 4, "fields": {"name": "Can view log entry", "content_type": 1, "codename": "view_logentry"}}, {"model": "auth.permission", "pk": 5, "fields": {"name": "Can add permission", "content_type": 2, "codename": "add_permission"}}, {"model": "auth.permission", "pk": 6, "fields": {"name": "Can change permission", "content_type": 2, "codename": "change_permission"}}, {"model": "auth.permission", "pk": 7, "fields": {"name": "Can delete permission", "content_type": 2, "codename": "delete_permission"}}, {"model": "auth.permission", "pk": 8, "fields": {"name": "Can view permission", "content_type": 2, "codename": "view_permission"}}, {"model": "auth.permission", "pk": 9, "fields": {"name": "Can add group", "content_type": 3, "codename": "add_group"}}, {"model": "auth.permission", "pk": 10, "fields": {"name": "Can change group", "content_type": 3, "codename": "change_group"}}, {"model": "auth.permission", "pk": 11, "fields": {"name": "Can delete group", "content_type": 3, "codename": "delete_group"}}, {"model": "auth.permission", "pk": 12, "fields": {"name": "Can view group", "content_type": 3, "codename": "view_group"}}, {"model": "auth.permission", "pk": 13, "fields": {"name": "Can add user", "content_type": 4, "codename": "add_user"}}, {"model": "auth.permission", "pk": 14, "fields": {"name": "Can change user", "content_type": 4, "codename": "change_user"}}, {"model": "auth.permission", "pk": 15, "fields": {"name": "Can delete user", "content_type": 4, "codename": "delete_user"}}, {"model": "auth.permission", "pk": 16, "fields": {"name": "Can view user", "content_type": 4, "codename": "view_user"}}, {"model": "auth.permission", "pk": 17, "fields": {"name": "Can add content type", "content_type": 5, "codename": "add_contenttype"}}, {"model": "auth.permission", "pk": 18, "fields": {"name": "Can change content type", "content_type": 5, "codename": "change_contenttype"}}, {"model": "auth.permission", "pk": 19, "fields": {"name": "Can delete content type", "content_type": 5, "codename": "delete_contenttype"}}, {"model": "auth.permission", "pk": 20, "fields": {"name": "Can view content type", "content_type": 5, "codename": "view_contenttype"}}, {"model": "auth.permission", "pk": 21, "fields": {"name": "Can add session", "content_type": 6, "codename": "add_session"}}, {"model": "auth.permission", "pk": 22, "fields": {"name": "Can change session", "content_type": 6, "codename": "change_session"}}, {"model": "auth.permission", "pk": 23, "fields": {"name": "Can delete session", "content_type": 6, "codename": "delete_session"}}, {"model": "auth.permission", "pk": 24, "fields": {"name": "Can view session", "content_type": 6, "codename": "view_session"}}, {"model": "auth.permission", "pk": 25, "fields": {"name": "Can add category", "content_type": 7, "codename": "add_category"}}, {"model": "auth.permission", "pk": 26, "fields": {"name": "Can change category", "content_type": 7, "codename": "change_category"}}, {"model": "auth.permission", "pk": 27, "fields": {"name": "Can delete category", "content_type": 7, "codename": "delete_category"}}, {"model": "auth.permission", "pk": 28, "fields": {"name": "Can view category", "content_type": 7, "codename": "view_category"}}, {"model": "auth.permission", "pk": 29, "fields": {"name": "Can add size", "content_type": 8, "codename": "add_size"}}, {"model": "auth.permission", "pk": 30, "fields": {"name": "Can change size", "content_type": 8, "codename": "change_size"}}, {"model": "auth.permission", "pk": 31, "fields": {"name": "Can delete size", "content_type": 8, "codename": "delete_size"}}, {"model": "auth.permission", "pk": 32, "fields": {"name": "Can view size", "content_type": 8, "codename": "view_size"}}, {"model": "auth.permission", "pk": 33, "fields": {"name": "Can add product", "content_type": 9, "codename": "add_product"}}, {"model": "auth.permission", "pk": 34, "fields": {"name": "Can change product", "content_type": 9, "codename": "change_product"}}, {"model": "auth.permission", "pk": 35, "fields": {"name": "Can delete product", "content_type": 9, "codename": "delete_product"}}, {"model": "auth.permission", "pk": 36, "fields": {"name": "Can view product", "content_type": 9, "codename": "view_product"}}, {"model": "auth.permission", "pk": 37, "fields": {"name": "Can add product image", "content_type": 10, "codename": "add_productimage"}}, {"model": "auth.permission", "pk": 38, "fields": {"name": "Can change product image", "content_type": 10, "codename": "change_productimage"}}, {"model": "auth.permission", "pk": 39, "fields": {"name": "Can delete product image", "content_type": 10, "codename": "delete_productimage"}}, {"model": "auth.permission", "pk": 40, "fields": {"name": "Can view product image", "content_type": 10, "codename": "view_productimage"}}, {"model": "auth.permission", "pk": 41, "fields": {"name": "Can add profile", "content_type": 11, "codename": "add_profile"}}, {"model": "auth.permission", "pk": 42, "fields": {"name": "Can change profile", "content_type": 11, "codename": "change_profile"}}, {"model": "auth.permission", "pk": 43, "fields": {"name": "Can delete profile", "content_type": 11, "codename": "delete_profile"}}, {"model": "auth.permission", "pk": 44, "fields": {"name": "Can view profile", "content_type": 11, "codename": "view_profile"}}, {"model": "auth.permission", "pk": 45, "fields": {"name": "Can add order", "content_type": 12, "codename": "add_order"}}, {"model": "auth.permission", "pk": 46, "fields": {"name": "Can change order", "content_type": 12, "codename": "change_order"}}, {"model": "auth.permission", "pk": 47, "fields": {"name": "Can delete order", "content_type": 12, "codename": "delete_order"}}, {"model": "auth.permission", "pk": 48, "fields": {"name": "Can view order", "content_type": 12, "codename": "view_order"}}, {"model": "auth.permission", "pk": 49, "fields": {"name": "Can add order item", "content_type": 13, "codename": "add_orderitem"}}, {"model": "auth.permission", "pk": 50, "fields": {"name": "Can change order item", "content_type": 13, "codename": "change_orderitem"}}, {"model": "auth.permission", "pk": 51, "fields": {"name": "Can delete order item", "content_type": 13, "codename": "delete_orderitem"}}, {"model": "auth.permission", "pk": 52, "fields": {"name": "Can view order item", "content_type": 13, "codename": "view_orderitem"}}, {"model": "auth.permission", "pk": 53, "fields": {"name": "Can add favorite", "content_type": 14, "codename": "add_favorite"}}, {"model": "auth.permission", "pk": 54, "fields": {"name": "Can change favorite", "content_type": 14, "codename": "change_favorite"}}, {"model": "auth.permission", "pk": 55, "fields": {"name": "Can delete favorite", "content_type": 14, "codename": "delete_favorite"}}, {"model": "auth.permission", "pk": 56, "fields": {"name": "Can view favorite", "content_type": 14, "codename": "view_favorite"}}, {"model": "auth.permission", "pk": 57, "fields": {"name": "Can add cart item", "content_type": 15, "codename": "add_cartitem"}}, {"model": "auth.permission", "pk": 58, "fields": {"name": "Can change cart item", "content_type": 15, "codename": "change_cartitem"}}, {"model": "auth.permission", "pk": 59, "fields": {"name": "Can delete cart item", "content_type": 15, "codename": "delete_cartitem"}}, {"model": "auth.permission", "pk": 60, "fields": {"name": "Can view cart item", "content_type": 15, "codename": "view_cartitem"}}, {"model": "auth.user", "pk": 1, "fields": {"password": "pbkdf2_sha256$870000$i0eUGDeY2RpsvkK8c4f9vF$5ZXuJxmxkVWyAy8Vk4zcI2GL3BYWuqVZOHDzeCJ3sVU=", "last_login": "2025-03-05T15:44:00.390Z", "is_superuser": true, "username": "super_nas", "first_name": "", "last_name": "", "email": "antasia.xo@gmail.com", "is_staff": true, "is_active": true, "date_joined": "2025-02-28T12:35:30.600Z", "groups": [], "user_permissions": []}}, {"model": "auth.user", "pk": 2, "fields": {"password": "pbkdf2_sha256$870000$Aq4CMyjUOzThJnDRk8YIDK$KRe3jtXk9u7dJz64sKmzVkXXRZcBYXhs4TW8Py1kj7I=", "last_login": "2025-03-05T15:08:30.219Z", "is_superuser": false, "username": "bob", "first_name": "", "last_name": "", "email": "bob@gmail.com", "is_staff": false, "is_active": true, "date_joined": "2025-03-05T14:35:08.729Z", "groups": [], "user_permissions": []}}, {"model": "auth.user", "pk": 3, "fields": {"password": "pbkdf2_sha256$870000$U4GfDupAquJEnQPbJbb8E9$UQFA77SSFnRPsFSMZita0Y3N/FeOGAKIWLpNHeJpoR8=", "last_login": "2025-03-05T15:42:59.972Z", "is_superuser": false, "username": "alice", "first_name": "", "last_name": "", "email": "alice@hsdjh.com", "is_staff": false, "is_active": true, "date_joined": "2025-03-05T15:42:59.204Z", "groups": [], "user_permissions": []}}, {"model": "contenttypes.contenttype", "pk": 1, "fields": {"app_label": "admin", "model": "logentry"}}, {"model": "contenttypes.contenttype", "pk": 2, "fields": {"app_label": "auth", "model": "permission"}}, {"model": "contenttypes.contenttype", "pk": 3, "fields": {"app_label": "auth", "model": "group"}}, {"model": "contenttypes.contenttype", "pk": 4, "fields": {"app_label": "auth", "model": "user"}}, {"model": "contenttypes.contenttype", "pk": 5, "fields": {"app_label": "contenttypes", "model": "contenttype"}}, {"model": "contenttypes.contenttype", "pk": 6, "fields": {"app_label": "sessions", "model": "session"}}, {"model": "contenttypes.contenttype", "pk": 7, "fields": {"app_label": "store", "model": "category"}}, {"model": "contenttypes.contenttype", "pk": 8, "fields": {"app_label": "store", "model": "size"}}, {"model": "contenttypes.contenttype", "pk": 9, "fields": {"app_label": "store", "model": "product"}}, {"model": "contenttypes.contenttype", "pk": 10, "fields": {"app_label": "store", "model": "productimage"}}, {"model": "contenttypes.contenttype", "pk": 11, "fields": {"app_label": "store", "model": "profile"}}, {"model": "contenttypes.contenttype", "pk": 12, "fields": {"app_label": "store", "model": "order"}}, {"model": "contenttypes.contenttype", "pk": 13, "fields": {"app_label": "store", "model": "orderitem"}}, {"model": "contenttypes.contenttype", "pk": 14, "fields": {"app_label": "store", "model": "favorite"}}, {"model": "contenttypes.contenttype", "pk": 15, "fields": {"app_label": "store", "model": "cartitem"}}, {"model": "sessions.session", "pk": "72ikcxbghqpo1q2his0ezxof8ezeaqnd", "fields": {"session_data": ".eJxVjMsOwiAQRf-FtSEOQ3m4dN9vIAwMUjU0Ke3K-O_apAvd3nPOfYkQt7WGrfMSpiwuAsTpd6OYHtx2kO-x3WaZ5rYuE8ldkQftcpwzP6-H-3dQY6_fOpHNGhltRoLBOk2kIBoEdwYyaLkUrWhwOoF2HhMZVSKjs4C-eC7i_QHZFDeq:1tpque:KAZ8-uzixJ7UBvIKd_Ado2UnZeXdXRpGqP4b3hjyGNs", "expire_date": "2025-03-19T15:44:00.413Z"}}, {"model": "sessions.session", "pk": "k5lsn20c7fyoty1e0hj1qo0o42j164dy", "fields": {"session_data": "e30:1tol5U:jSB2FhXg-lzwlbGbIPGy4Xo9SQSiE0pdad0ZMqZ7TWs", "expire_date": "2025-03-16T15:18:40.737Z"}}, {"model": "store.category", "pk": 1, "fields": {"name": "Джинсы"}}, {"model": "store.category", "pk": 2, "fields": {"name": "Платья"}}, {"model": "store.category", "pk": 3, "fields": {"name": "Блузки и рубашки"}}, {"model": "store.category", "pk": 5, "fields": {"name": "Юбки"}}, {"model": "store.product", "pk": 1, "fields": {"name": "Джинсы", "price": "100.00", "description": "Эти универсальные джинсы станут основой вашего гардероба! Выполнены из качественного денима, они обеспечивают комфорт и стиль в течение всего дня. Идеальная посадка подчеркивает силуэт, а классический крой позволяет легко сочетать их с любой одеждой — от повседневных футболок до строгих рубашек.", "category": 1, "article": "f989de78-6a9e-4549-8362-9bd791af0289"}}, {"model": "store.product", "pk": 2, "fields": {"name": "Платье зелёное", "price": "150.00", "description": "Женственное и стильное платье, созданное для тех, кто любит сочетание комфорта и изысканности. Легкий и приятный к телу материал дарит ощущение комфорта, а безупречный крой подчеркивает фигуру. Идеально подходит как для романтических встреч, так и для торжественных мероприятий.", "category": 2, "article": "922fb841-2f55-4526-b09d-39daf9c17a1c"}}, {"model": "store.product", "pk": 3, "fields": {"name": "Блузка", "price": "90.00", "description": "Чёрная блузка — стильное и универсальное дополнение к любому образу. Лёгкая ткань приятно ощущается на коже, обеспечивая комфорт даже в течение долгого дня. Лаконичный дизайн позволяет легко сочетать её как с классическими брюками и юбками, так и с повседневными джинсами. Идеальный выбор для работы, встреч с друзьями или вечерних прогулок.", "category": 3, "article": "4a29b8af-bb9b-4034-9a01-c29d73944115"}}, {"model": "store.product", "pk": 5, "fields": {"name": "Юбка", "price": "200.00", "description": "Юбка, которая сочетает стиль и комфорт. Легкая и воздушная ткань красиво струится, подчеркивая силуэт. Идеальна как для повседневных образов, так и для особых случаев. Дополните её любимыми аксессуарами – и создайте неповторимый лук!", "category": 5, "article": "9d23b086-6bb1-42f4-b923-a57b6973e712"}}, {"model": "store.product", "pk": 6, "fields": {"name": "Платье чёрное", "price": "250.00", "description": "Легкое и стильное платье, созданное для комфорта и уверенности. Идеально садится по фигуре, подчеркивая женственность. Универсальный дизайн делает его отличным выбором как для повседневных прогулок, так и для особых случаев.", "category": 2, "article": "bdb61f1c-45d3-493b-bd1c-206c55f3c76d"}}, {"model": "store.product", "pk": 18, "fields": {"name": "Черные джинсы", "price": "200.00", "description": "Классические чёрные джинсы – базовый элемент гардероба, который сочетает в себе стиль и комфорт. Прямой крой и плотный деним создают идеальную посадку, подчеркивая силуэт, а универсальный черный цвет делает их отличным выбором как для повседневных, так и для более формальных образов. Джинсы подходят под любую обувь — от кед до классических ботинок, а их долговечный материал гарантирует износостойкость и комфорт в носке. Незаменимый вариант для тех, кто ценит качество и стиль!", "category": 1, "article": "f92c4d79-2526-4ae7-a44d-50c31a856237"}}, {"model": "store.productimage", "pk": 1, "fields": {"product": 1, "image": "notes_images/2025/03/01/shopping_1.webp", "height": 600, "width": 593, "uploaded_at": "2025-03-01T10:10:36.530Z"}}, {"model": "store.productimage", "pk": 2, "fields": {"product": 2, "image": "notes_images/2025/03/01/shopping.webp", "height": 600, "width": 463, "uploaded_at": "2025-03-01T10:11:55.721Z"}}, {"model": "store.productimage", "pk": 3, "fields": {"product": 3, "image": "notes_images/2025/03/01/shopping_2.webp", "height": 600, "width": 600, "uploaded_at": "2025-03-01T10:14:51.810Z"}}, {"model": "store.productimage", "pk": 5, "fields": {"product": 5, "image": "notes_images/2025/03/04/e1dabd5704d57a2e073614a3e41b8be4.webp", "height": 800, "width": 600, "uploaded_at": "2025-03-04T11:52:08.499Z"}}, {"model": "store.productimage", "pk": 6, "fields": {"product": 6, "image": "notes_images/2025/03/04/5e7d92ab_c371_11ef_aea3_fc3497e5d41e_e0fff2a6_118f_447c_b5b8_f30_itRrmIB.jpg", "height": 2480, "width": 1920, "uploaded_at": "2025-03-04T12:03:34.993Z"}}, {"model": "store.productimage", "pk": 14, "fields": {"product": 18, "image": "notes_images/2025/03/04/6b8a035f-a0fc-11ef-8ba5-f3044c51512a_sa5lW7k.jpg", "height": 1430, "width": 953, "uploaded_at": "2025-03-04T17:58:08.014Z"}}, {"model": "store.profile", "pk": 1, "fields": {"user": 1, "name": "Екатерина", "surname": "Иванова", "birthday": "2005-07-15", "address": "Санкт-Петербург, Невский проспект, д. 10", "phone_number": "+375291234569", "telegram_user_id": "828477672"}}, {"model": "store.profile", "pk": 2, "fields": {"user": 2, "name": "", "surname": "", "birthday": null, "address": "", "phone_number": "", "telegram_user_id": null}}, {"model": "store.profile", "pk": 3, "fields": {"user": 3, "name": "", "surname": "", "birthday": null, "address": "", "phone_number": "", "telegram_user_id": null}}, {"model": "store.favorite", "pk": 16, "fields": {"user": 3, "product": 1}}, {"model": "store.size", "pk": 1, "fields": {"name": "XS"}}, {"model": "store.size", "pk": 2, "fields": {"name": "S"}}, {"model": "store.size", "pk": 3, "fields": {"name": "M"}}, {"model": "store.size", "pk": 4, "fields": {"name": "L"}}, {"model": "store.size", "pk": 5, "fields": {"name": "XL"}}, {"model": "store.size", "pk": 6, "fields": {"name": "XXL"}}, {"model": "store.cartitem", "pk": 14, "fields": {"user": 2, "product": 2, "size": 1}}, {"model": "store.cartitem", "pk": 17, "fields": {"user": 3, "product": 1, "size": 2}}, {"model": "store.order", "pk": 3, "fields": {"receiver_details": 1, "created_at": "2025-03-04T10:32:27.427Z", "total_price": "240.00", "order_number": "fadebcac-626e-4a96-8b11-61a98615ddb5"}}, {"model": "store.order", "pk": 7, "fields": {"receiver_details": 1, "created_at": "2025-03-04T12:58:25.659Z", "total_price": "150.00", "order_number": "3ce5a7ec-eed1-463d-b12a-6b76435743cc"}}, {"model": "store.order", "pk": 8, "fields": {"receiver_details": 1, "created_at": "2025-03-04T13:00:36.211Z", "total_price": "200.00", "order_number": "d1fcc7cf-6436-4ec9-8046-a5b1b25e5c90"}}, {"model": "store.order", "pk": 9, "fields": {"receiver_details": 1, "created_at": "2025-03-04T13:20:19.396Z", "total_price": "150.00", "order_number": "6f9f8eae-d742-4266-a041-a9ab45f2e432"}}, {"model": "store.order", "pk": 14, "fields": {"receiver_details": 1, "created_at": "2025-03-04T13:24:45.747Z", "total_price": "150.00", "order_number": "60ad1e02-c406-498b-8ea6-b8b878901947"}}, {"model": "store.order", "pk": 16, "fields": {"receiver_details": 1, "created_at": "2025-03-05T11:44:59.920Z", "total_price": "150.00", "order_number": "ff900359-1cff-4a5f-a6ed-47d5d69092ff"}}, {"model": "store.order", "pk": 17, "fields": {"receiver_details": 1, "created_at": "2025-03-05T12:04:58.697Z", "total_price": "150.00", "order_number": "256f0499-4d6f-4a00-bb71-3faf90b93ec3"}}, {"model": "store.order", "pk": 18, "fields": {"receiver_details": 1, "created_at": "2025-03-05T14:38:49.729Z", "total_price": "100.00", "order_number": "59b68913-7d45-488d-839e-35a6512477a0"}}, {"model": "store.order", "pk": 19, "fields": {"receiver_details": 1, "created_at": "2025-03-05T15:44:12.433Z", "total_price": "100.00", "order_number": "672bdbac-46cb-4e3f-ab18-9108deff2384"}}, {"model": "store.orderitem", "pk": 3, "fields": {"order": 3, "product": 2, "size": 1}}, {"model": "store.orderitem", "pk": 4, "fields": {"order": 3, "product": 3, "size": 3}}, {"model": "store.orderitem", "pk": 8, "fields": {"order": 7, "product": 2, "size": 2}}, {"model": "store.orderitem", "pk": 9, "fields": {"order": 8, "product": 5, "size": 2}}, {"model": "store.orderitem", "pk": 10, "fields": {"order": 9, "product": 2, "size": 2}}, {"model": "store.orderitem", "pk": 11, "fields": {"order": 14, "product": 2, "size": 4}}, {"model": "store.orderitem", "pk": 14, "fields": {"order": 16, "product": 2, "size": 4}}, {"model": "store.orderitem", "pk": 15, "fields": {"order": 17, "product": 2, "size": 5}}, {"model": "store.orderitem", "pk": 16, "fields": {"order": 18, "product": 1, "size": 1}}, {"model": "store.orderitem", "pk": 17, "fields": {"order": 19, "product": 1, "size": 2}}]